id,movedAt,isDemoData,purchaseId,fromGroupId,toGroupId,createdAt
1,2026-04-08T21:19:28.664Z,true,13654,,461,2026-04-08T21:19:28.664Z
2,2026-04-08T21:19:28.665Z,true,13655,,461,2026-04-08T21:19:28.665Z
3,2026-04-08T21:19:28.665Z,true,13656,,461,2026-04-08T21:19:28.665Z
4,2026-04-08T21:19:28.669Z,true,13657,,462,2026-04-08T21:19:28.669Z
5,2026-04-08T21:19:28.670Z,true,13658,,462,2026-04-08T21:19:28.670Z
6,2026-04-08T21:19:28.678Z,true,13659,,463,2026-04-08T21:19:28.678Z
7,2026-04-08T21:19:28.679Z,true,13660,,463,2026-04-08T21:19:28.679Z
8,2026-04-08T21:19:28.679Z,true,13661,,463,2026-04-08T21:19:28.679Z
9,2026-04-08T21:19:28.683Z,true,13662,,464,2026-04-08T21:19:28.683Z
10,2026-04-08T21:19:28.683Z,true,13663,,464,2026-04-08T21:19:28.683Z
11,2026-04-08T21:19:28.687Z,true,13664,,465,2026-04-08T21:19:28.687Z
12,2026-04-08T21:19:28.687Z,true,13665,,465,2026-04-08T21:19:28.687Z
13,2026-04-08T21:19:28.688Z,true,13666,,465,2026-04-08T21:19:28.688Z
20,2026-05-13T04:15:30.669Z,false,3360,10,467,2026-05-13T04:15:30.669Z
21,2026-05-13T04:15:30.684Z,false,3363,10,467,2026-05-13T04:15:30.684Z
22,2026-05-13T04:15:30.685Z,false,3421,10,467,2026-05-13T04:15:30.685Z
